{
  "total_return": 1.6872204123358678,
  "alpha": 1.5332839262347757,
  "max_drawdown": -0.14038260278577466,
  "sortino": 9.07612994930068
}