{
  "total_return": 0.878281471721063,
  "alpha": 0.720100660098657,
  "max_drawdown": -0.24488616983816083,
  "sortino": 3.6116397644293
}