{
  "total_return": 0.8363713808502882,
  "alpha": 0.6881032564724305,
  "max_drawdown": -0.2396866437039688,
  "sortino": 3.3036792606342464
}