{
  "total_return": 0.6611840119053796,
  "alpha": 0.5129158875275219,
  "max_drawdown": -0.2377829948641311,
  "sortino": 2.8028431671080742
}