{
  "total_return": 0.26582199999999995,
  "alpha": 0.1180937686558351,
  "max_drawdown": -0.7240608610443295,
  "sortino": 1.533855990967514
}