{
  "total_return": 1.273950089070687,
  "alpha": 1.1200136029695948,
  "max_drawdown": -0.1292531606173324,
  "sortino": 6.29911966945125
}